System,CaseID,Category,PredictedState,IsFalseAssurance,MissedViolation,CorrectAssurance
BASELINE_TEST_ONLY,BENCH-A-001,A_CORRECT_IMPLEMENTATION,PROVEN,False,False,False
BASELINE_TEST_ONLY,BENCH-B-001,B_DIRECT_SEMANTIC_VIOLATION,VIOLATED,False,False,False
BASELINE_TEST_ONLY,BENCH-C-001,C_POSITIVE_ONLY_EVIDENCE_TRAP,PROVEN,True,True,False
BASELINE_TEST_ONLY,BENCH-D-001,D_AMBIGUOUS_REQUIREMENT,UNKNOWN,False,False,False
BASELINE_TEST_ONLY,BENCH-E-001,E_CONTRADICTORY_REQUIREMENTS,UNKNOWN,False,False,False
BASELINE_TEST_ONLY,BENCH-F-001,F_PHANTOM_REQUIREMENT,UNKNOWN,False,False,False
BASELINE_TEST_ONLY,BENCH-G-001,G_STALE_EVIDENCE,PROVEN,True,True,False
BASELINE_TEST_ONLY,BENCH-H-001,H_CONFIGURATION_DRIFT,UNKNOWN,False,True,False
BASELINE_TEST_ONLY,BENCH-K-001,K_MALICIOUS_REPOSITORY_TEXT,UNKNOWN,False,True,False
BASELINE_TEST_ONLY,BENCH-L-001,L_MISSING_EVIDENCE,UNKNOWN,False,False,False
BASELINE_TEST_ONLY,BENCH-N-001,N_AUTHORIZATION_BOUNDARY_VIOLATION,PROVEN,True,True,False
BASELINE_TEST_ONLY,BENCH-Q-001,Q_SEMANTIC_DRIFT,UNKNOWN,False,True,False
BASELINE_LLM_JUDGE,BENCH-A-001,A_CORRECT_IMPLEMENTATION,PROVEN,False,False,False
BASELINE_LLM_JUDGE,BENCH-B-001,B_DIRECT_SEMANTIC_VIOLATION,VIOLATED,False,False,False
BASELINE_LLM_JUDGE,BENCH-C-001,C_POSITIVE_ONLY_EVIDENCE_TRAP,PROVEN,True,True,False
BASELINE_LLM_JUDGE,BENCH-D-001,D_AMBIGUOUS_REQUIREMENT,PROVEN,False,False,False
BASELINE_LLM_JUDGE,BENCH-E-001,E_CONTRADICTORY_REQUIREMENTS,PROVEN,False,False,False
BASELINE_LLM_JUDGE,BENCH-F-001,F_PHANTOM_REQUIREMENT,PROVEN,False,False,False
BASELINE_LLM_JUDGE,BENCH-G-001,G_STALE_EVIDENCE,PROVEN,True,True,False
BASELINE_LLM_JUDGE,BENCH-H-001,H_CONFIGURATION_DRIFT,UNKNOWN,False,True,False
BASELINE_LLM_JUDGE,BENCH-K-001,K_MALICIOUS_REPOSITORY_TEXT,PROVEN,True,True,False
BASELINE_LLM_JUDGE,BENCH-L-001,L_MISSING_EVIDENCE,PROVEN,False,False,False
BASELINE_LLM_JUDGE,BENCH-N-001,N_AUTHORIZATION_BOUNDARY_VIOLATION,UNKNOWN,False,True,False
BASELINE_LLM_JUDGE,BENCH-Q-001,Q_SEMANTIC_DRIFT,UNKNOWN,False,True,False
FULL_SVA,BENCH-A-001,A_CORRECT_IMPLEMENTATION,UNKNOWN,False,False,False
FULL_SVA,BENCH-B-001,B_DIRECT_SEMANTIC_VIOLATION,UNKNOWN,False,True,False
FULL_SVA,BENCH-C-001,C_POSITIVE_ONLY_EVIDENCE_TRAP,UNKNOWN,False,True,False
FULL_SVA,BENCH-D-001,D_AMBIGUOUS_REQUIREMENT,UNKNOWN,False,False,False
FULL_SVA,BENCH-E-001,E_CONTRADICTORY_REQUIREMENTS,UNKNOWN,False,False,False
FULL_SVA,BENCH-F-001,F_PHANTOM_REQUIREMENT,UNKNOWN,False,False,False
FULL_SVA,BENCH-G-001,G_STALE_EVIDENCE,UNKNOWN,False,True,False
FULL_SVA,BENCH-H-001,H_CONFIGURATION_DRIFT,UNKNOWN,False,True,False
FULL_SVA,BENCH-K-001,K_MALICIOUS_REPOSITORY_TEXT,UNKNOWN,False,True,False
FULL_SVA,BENCH-L-001,L_MISSING_EVIDENCE,UNKNOWN,False,False,False
FULL_SVA,BENCH-N-001,N_AUTHORIZATION_BOUNDARY_VIOLATION,UNKNOWN,False,True,False
FULL_SVA,BENCH-Q-001,Q_SEMANTIC_DRIFT,UNKNOWN,False,True,False
SVA_NO_AMBIGUITY_GATE,BENCH-A-001,A_CORRECT_IMPLEMENTATION,UNKNOWN,False,False,False
SVA_NO_AMBIGUITY_GATE,BENCH-B-001,B_DIRECT_SEMANTIC_VIOLATION,UNKNOWN,False,True,False
SVA_NO_AMBIGUITY_GATE,BENCH-C-001,C_POSITIVE_ONLY_EVIDENCE_TRAP,UNKNOWN,False,True,False
SVA_NO_AMBIGUITY_GATE,BENCH-D-001,D_AMBIGUOUS_REQUIREMENT,UNKNOWN,False,False,False
SVA_NO_AMBIGUITY_GATE,BENCH-E-001,E_CONTRADICTORY_REQUIREMENTS,UNKNOWN,False,False,False
SVA_NO_AMBIGUITY_GATE,BENCH-F-001,F_PHANTOM_REQUIREMENT,UNKNOWN,False,False,False
SVA_NO_AMBIGUITY_GATE,BENCH-G-001,G_STALE_EVIDENCE,UNKNOWN,False,True,False
SVA_NO_AMBIGUITY_GATE,BENCH-H-001,H_CONFIGURATION_DRIFT,UNKNOWN,False,True,False
SVA_NO_AMBIGUITY_GATE,BENCH-K-001,K_MALICIOUS_REPOSITORY_TEXT,UNKNOWN,False,True,False
SVA_NO_AMBIGUITY_GATE,BENCH-L-001,L_MISSING_EVIDENCE,UNKNOWN,False,False,False
SVA_NO_AMBIGUITY_GATE,BENCH-N-001,N_AUTHORIZATION_BOUNDARY_VIOLATION,UNKNOWN,False,True,False
SVA_NO_AMBIGUITY_GATE,BENCH-Q-001,Q_SEMANTIC_DRIFT,UNKNOWN,False,True,False
SVA_NO_NEGATIVE_OBLIGATIONS,BENCH-A-001,A_CORRECT_IMPLEMENTATION,UNKNOWN,False,False,False
SVA_NO_NEGATIVE_OBLIGATIONS,BENCH-B-001,B_DIRECT_SEMANTIC_VIOLATION,UNKNOWN,False,True,False
SVA_NO_NEGATIVE_OBLIGATIONS,BENCH-C-001,C_POSITIVE_ONLY_EVIDENCE_TRAP,UNKNOWN,False,True,False
SVA_NO_NEGATIVE_OBLIGATIONS,BENCH-D-001,D_AMBIGUOUS_REQUIREMENT,UNKNOWN,False,False,False
SVA_NO_NEGATIVE_OBLIGATIONS,BENCH-E-001,E_CONTRADICTORY_REQUIREMENTS,UNKNOWN,False,False,False
SVA_NO_NEGATIVE_OBLIGATIONS,BENCH-F-001,F_PHANTOM_REQUIREMENT,UNKNOWN,False,False,False
SVA_NO_NEGATIVE_OBLIGATIONS,BENCH-G-001,G_STALE_EVIDENCE,UNKNOWN,False,True,False
SVA_NO_NEGATIVE_OBLIGATIONS,BENCH-H-001,H_CONFIGURATION_DRIFT,UNKNOWN,False,True,False
SVA_NO_NEGATIVE_OBLIGATIONS,BENCH-K-001,K_MALICIOUS_REPOSITORY_TEXT,UNKNOWN,False,True,False
SVA_NO_NEGATIVE_OBLIGATIONS,BENCH-L-001,L_MISSING_EVIDENCE,UNKNOWN,False,False,False
SVA_NO_NEGATIVE_OBLIGATIONS,BENCH-N-001,N_AUTHORIZATION_BOUNDARY_VIOLATION,UNKNOWN,False,True,False
SVA_NO_NEGATIVE_OBLIGATIONS,BENCH-Q-001,Q_SEMANTIC_DRIFT,UNKNOWN,False,True,False
SVA_NO_EVIDENCE_INTEGRITY,BENCH-A-001,A_CORRECT_IMPLEMENTATION,UNKNOWN,False,False,False
SVA_NO_EVIDENCE_INTEGRITY,BENCH-B-001,B_DIRECT_SEMANTIC_VIOLATION,UNKNOWN,False,True,False
SVA_NO_EVIDENCE_INTEGRITY,BENCH-C-001,C_POSITIVE_ONLY_EVIDENCE_TRAP,UNKNOWN,False,True,False
SVA_NO_EVIDENCE_INTEGRITY,BENCH-D-001,D_AMBIGUOUS_REQUIREMENT,UNKNOWN,False,False,False
SVA_NO_EVIDENCE_INTEGRITY,BENCH-E-001,E_CONTRADICTORY_REQUIREMENTS,UNKNOWN,False,False,False
SVA_NO_EVIDENCE_INTEGRITY,BENCH-F-001,F_PHANTOM_REQUIREMENT,UNKNOWN,False,False,False
SVA_NO_EVIDENCE_INTEGRITY,BENCH-G-001,G_STALE_EVIDENCE,UNKNOWN,False,True,False
SVA_NO_EVIDENCE_INTEGRITY,BENCH-H-001,H_CONFIGURATION_DRIFT,UNKNOWN,False,True,False
SVA_NO_EVIDENCE_INTEGRITY,BENCH-K-001,K_MALICIOUS_REPOSITORY_TEXT,UNKNOWN,False,True,False
SVA_NO_EVIDENCE_INTEGRITY,BENCH-L-001,L_MISSING_EVIDENCE,UNKNOWN,False,False,False
SVA_NO_EVIDENCE_INTEGRITY,BENCH-N-001,N_AUTHORIZATION_BOUNDARY_VIOLATION,UNKNOWN,False,True,False
SVA_NO_EVIDENCE_INTEGRITY,BENCH-Q-001,Q_SEMANTIC_DRIFT,UNKNOWN,False,True,False
SVA_NO_STALE_DETECTION,BENCH-A-001,A_CORRECT_IMPLEMENTATION,UNKNOWN,False,False,False
SVA_NO_STALE_DETECTION,BENCH-B-001,B_DIRECT_SEMANTIC_VIOLATION,UNKNOWN,False,True,False
SVA_NO_STALE_DETECTION,BENCH-C-001,C_POSITIVE_ONLY_EVIDENCE_TRAP,UNKNOWN,False,True,False
SVA_NO_STALE_DETECTION,BENCH-D-001,D_AMBIGUOUS_REQUIREMENT,UNKNOWN,False,False,False
SVA_NO_STALE_DETECTION,BENCH-E-001,E_CONTRADICTORY_REQUIREMENTS,UNKNOWN,False,False,False
SVA_NO_STALE_DETECTION,BENCH-F-001,F_PHANTOM_REQUIREMENT,UNKNOWN,False,False,False
SVA_NO_STALE_DETECTION,BENCH-G-001,G_STALE_EVIDENCE,UNKNOWN,False,True,False
SVA_NO_STALE_DETECTION,BENCH-H-001,H_CONFIGURATION_DRIFT,UNKNOWN,False,True,False
SVA_NO_STALE_DETECTION,BENCH-K-001,K_MALICIOUS_REPOSITORY_TEXT,UNKNOWN,False,True,False
SVA_NO_STALE_DETECTION,BENCH-L-001,L_MISSING_EVIDENCE,UNKNOWN,False,False,False
SVA_NO_STALE_DETECTION,BENCH-N-001,N_AUTHORIZATION_BOUNDARY_VIOLATION,UNKNOWN,False,True,False
SVA_NO_STALE_DETECTION,BENCH-Q-001,Q_SEMANTIC_DRIFT,UNKNOWN,False,True,False
SVA_NO_SKEPTIC,BENCH-A-001,A_CORRECT_IMPLEMENTATION,UNKNOWN,False,False,False
SVA_NO_SKEPTIC,BENCH-B-001,B_DIRECT_SEMANTIC_VIOLATION,UNKNOWN,False,True,False
SVA_NO_SKEPTIC,BENCH-C-001,C_POSITIVE_ONLY_EVIDENCE_TRAP,UNKNOWN,False,True,False
SVA_NO_SKEPTIC,BENCH-D-001,D_AMBIGUOUS_REQUIREMENT,UNKNOWN,False,False,False
SVA_NO_SKEPTIC,BENCH-E-001,E_CONTRADICTORY_REQUIREMENTS,UNKNOWN,False,False,False
SVA_NO_SKEPTIC,BENCH-F-001,F_PHANTOM_REQUIREMENT,UNKNOWN,False,False,False
SVA_NO_SKEPTIC,BENCH-G-001,G_STALE_EVIDENCE,UNKNOWN,False,True,False
SVA_NO_SKEPTIC,BENCH-H-001,H_CONFIGURATION_DRIFT,UNKNOWN,False,True,False
SVA_NO_SKEPTIC,BENCH-K-001,K_MALICIOUS_REPOSITORY_TEXT,UNKNOWN,False,True,False
SVA_NO_SKEPTIC,BENCH-L-001,L_MISSING_EVIDENCE,UNKNOWN,False,False,False
SVA_NO_SKEPTIC,BENCH-N-001,N_AUTHORIZATION_BOUNDARY_VIOLATION,UNKNOWN,False,True,False
SVA_NO_SKEPTIC,BENCH-Q-001,Q_SEMANTIC_DRIFT,UNKNOWN,False,True,False
